{
  "MOTHERSON": {
    "timeAndPrice": [
      {
        "CE_ShortBuildUp": 0.0,
        "CE_LongBuildUp": 33.33333333333333,
        "removed": "11:46:32.741",
        "PE_LongUnwinding": 33.33333333333333,
        "PE_LongBuildUp": 0.0,
        "PE_ShortBuildUp": 58.333333333333336,
        "ltp": 141.76,
        "time": "11:36:00.251",
        "CE_ShortCovering": 58.333333333333336,
        "PE_ShortCovering": 0.0
      },
      {
        "CE_ShortBuildUp": 0.0,
        "CE_LongBuildUp": 33.33333333333333,
        "removed": "12:55:34.765",
        "PE_LongUnwinding": 33.33333333333333,
        "PE_LongBuildUp": 0.0,
        "PE_ShortBuildUp": 58.333333333333336,
        "ltp": 141.6,
        "time": "11:47:25.939",
        "CE_ShortCovering": 58.333333333333336,
        "PE_ShortCovering": 0.0
      }
    ],
    "count": 2,
    "active": false,
    "resultToday" : true
  },
  "TATACHEM": {
    "timeAndPrice": [
      {
        "CE_ShortBuildUp": 0.0,
        "CE_LongBuildUp": 25.0,
        "PE_LongUnwinding": 41.66666666666667,
        "PE_LongBuildUp": 0.0,
        "PE_ShortBuildUp": 58.333333333333336,
        "ltp": 818.2,
        "time": "15:28:00.251",
        "CE_ShortCovering": 66.66666666666666,
        "PE_ShortCovering": 0.0
      }
    ],
    "count": 1,
    "active": true,
    "resultToday" : false
  },
  "AUBANK": {
    "timeAndPrice": [
      {
        "CE_ShortBuildUp": 0.0,
        "CE_LongBuildUp": 41.66666666666667,
        "PE_LongUnwinding": 33.33333333333333,
        "PE_LongBuildUp": 0.0,
        "PE_ShortBuildUp": 58.333333333333336,
        "ltp": 690.35,
        "time": "15:29:30.029",
        "CE_ShortCovering": 58.333333333333336,
        "PE_ShortCovering": 0.0
      }
    ],
    "count": 1,
    "active": true
  },
  "BEL": {
    "timeAndPrice": [
      {
        "CE_ShortBuildUp": 0.0,
        "CE_LongBuildUp": 25.0,
        "removed": "09:53:00.317",
        "PE_LongUnwinding": 33.33333333333333,
        "PE_LongBuildUp": 0.0,
        "PE_ShortBuildUp": 58.333333333333336,
        "ltp": 319.65,
        "time": "09:49:22.883",
        "CE_ShortCovering": 58.333333333333336,
        "PE_ShortCovering": 0.0
      },
      {
        "CE_ShortBuildUp": 0.0,
        "CE_LongBuildUp": 33.33333333333333,
        "removed": "11:40:23.285",
        "PE_LongUnwinding": 41.66666666666667,
        "PE_LongBuildUp": 0.0,
        "PE_ShortBuildUp": 58.333333333333336,
        "ltp": 316.0,
        "time": "11:37:00.067",
        "CE_ShortCovering": 58.333333333333336,
        "PE_ShortCovering": 0.0
      },
      {
        "CE_ShortBuildUp": 0.0,
        "CE_LongBuildUp": 33.33333333333333,
        "removed": "11:46:32.721",
        "PE_LongUnwinding": 41.66666666666667,
        "PE_LongBuildUp": 0.0,
        "PE_ShortBuildUp": 58.333333333333336,
        "ltp": 315.6,
        "time": "11:45:45.001",
        "CE_ShortCovering": 58.333333333333336,
        "PE_ShortCovering": 0.0
      },
      {
        "CE_ShortBuildUp": 0.0,
        "CE_LongBuildUp": 33.33333333333333,
        "removed": "12:00:37.782",
        "PE_LongUnwinding": 41.66666666666667,
        "PE_LongBuildUp": 0.0,
        "PE_ShortBuildUp": 58.333333333333336,
        "ltp": 316.25,
        "time": "11:57:23.843",
        "CE_ShortCovering": 58.333333333333336,
        "PE_ShortCovering": 0.0
      },
      {
        "CE_ShortBuildUp": 0.0,
        "CE_LongBuildUp": 33.33333333333333,
        "removed": "12:10:34.215",
        "PE_LongUnwinding": 41.66666666666667,
        "PE_LongBuildUp": 0.0,
        "PE_ShortBuildUp": 58.333333333333336,
        "ltp": 316.3,
        "time": "12:01:23.108",
        "CE_ShortCovering": 58.333333333333336,
        "PE_ShortCovering": 0.0
      },
      {
        "CE_ShortBuildUp": 0.0,
        "CE_LongBuildUp": 33.33333333333333,
        "removed": "13:53:30.076",
        "PE_LongUnwinding": 41.66666666666667,
        "PE_LongBuildUp": 0.0,
        "PE_ShortBuildUp": 58.333333333333336,
        "ltp": 315.1,
        "time": "13:47:23.221",
        "CE_ShortCovering": 58.333333333333336,
        "PE_ShortCovering": 0.0
      },
      {
        "CE_ShortBuildUp": 0.0,
        "CE_LongBuildUp": 33.33333333333333,
        "removed": "14:31:02.606",
        "PE_LongUnwinding": 33.33333333333333,
        "PE_LongBuildUp": 0.0,
        "PE_ShortBuildUp": 58.333333333333336,
        "ltp": 315.15,
        "time": "13:58:25.375",
        "CE_ShortCovering": 58.333333333333336,
        "PE_ShortCovering": 0.0
      },
      {
        "CE_ShortBuildUp": 8.333333333333332,
        "CE_LongBuildUp": 25.0,
        "removed": "14:46:03.873",
        "PE_LongUnwinding": 41.66666666666667,
        "PE_LongBuildUp": 0.0,
        "PE_ShortBuildUp": 58.333333333333336,
        "ltp": 314.65,
        "time": "14:37:00.032",
        "CE_ShortCovering": 58.333333333333336,
        "PE_ShortCovering": 0.0
      }
    ],
    "count": 8,
    "active": false
  },
  "AARTIIND": {
    "timeAndPrice": [
      {
        "CE_ShortBuildUp": 0.0,
        "CE_LongBuildUp": 25.0,
        "removed": "09:33:30.038",
        "PE_LongUnwinding": 8.333333333333332,
        "PE_LongBuildUp": 16.666666666666664,
        "PE_ShortBuildUp": 66.66666666666666,
        "ltp": 456.15,
        "time": "09:32:52.566",
        "CE_ShortCovering": 58.333333333333336,
        "PE_ShortCovering": 8.333333333333332
      },
      {
        "CE_ShortBuildUp": 0.0,
        "CE_LongBuildUp": 25.0,
        "removed": "09:37:23.251",
        "PE_LongUnwinding": 8.333333333333332,
        "PE_LongBuildUp": 25.0,
        "PE_ShortBuildUp": 58.333333333333336,
        "ltp": 458.0,
        "time": "09:36:23.174",
        "CE_ShortCovering": 58.333333333333336,
        "PE_ShortCovering": 8.333333333333332
      }
    ],
    "count": 2,
    "active": false
  },
  "KOTAKBANK": {
    "timeAndPrice": [
      {
        "CE_ShortBuildUp": 0.0,
        "CE_LongBuildUp": 25.0,
        "removed": "09:29:35.112",
        "PE_LongUnwinding": 33.33333333333333,
        "PE_LongBuildUp": 0.0,
        "PE_ShortBuildUp": 58.333333333333336,
        "ltp": 2116.5,
        "time": "09:26:02.919",
        "CE_ShortCovering": 58.333333333333336,
        "PE_ShortCovering": 0.0
      },
      {
        "CE_ShortBuildUp": 8.333333333333332,
        "CE_LongBuildUp": 16.666666666666664,
        "removed": "09:34:00.022",
        "PE_LongUnwinding": 33.33333333333333,
        "PE_LongBuildUp": 0.0,
        "PE_ShortBuildUp": 58.333333333333336,
        "ltp": 2110.9,
        "time": "09:31:33.136",
        "CE_ShortCovering": 58.333333333333336,
        "PE_ShortCovering": 8.333333333333332
      }
    ],
    "count": 2,
    "active": false
  },
  "TITAN": {
    "timeAndPrice": [
      {
        "CE_ShortBuildUp": 0.0,
        "CE_LongBuildUp": 8.333333333333332,
        "PE_LongUnwinding": 33.33333333333333,
        "PE_LongBuildUp": 0.0,
        "PE_ShortBuildUp": 66.66666666666666,
        "ltp": 3500.6,
        "time": "09:19:24.242",
        "CE_ShortCovering": 66.66666666666666,
        "PE_ShortCovering": 0.0
      }
    ],
    "count": 1,
    "active": true
  },
  "TATAMOTORS": {
    "timeAndPrice": [
      {
        "CE_ShortBuildUp": 0.0,
        "CE_LongBuildUp": 25.0,
        "removed": "09:18:30.761",
        "PE_LongUnwinding": 25.0,
        "PE_LongBuildUp": 0.0,
        "PE_ShortBuildUp": 58.333333333333336,
        "ltp": 681.0,
        "time": "09:16:00.052",
        "CE_ShortCovering": 58.333333333333336,
        "PE_ShortCovering": 0.0
      },
      {
        "CE_ShortBuildUp": 0.0,
        "CE_LongBuildUp": 41.66666666666667,
        "PE_LongUnwinding": 33.33333333333333,
        "PE_LongBuildUp": 0.0,
        "PE_ShortBuildUp": 58.333333333333336,
        "ltp": 689.7,
        "time": "09:19:24.231",
        "CE_ShortCovering": 58.333333333333336,
        "PE_ShortCovering": 0.0
      }
    ],
    "count": 2,
    "active": true
  },