{"MOTHERSON":{"timeAndPrice":[{"CE_ShortBuildup":0.0,"CE_LongBuildup":33.33333333333333,"removed":"15:21:00.300","PE_LongBuildUp":0.0,"PE_LongUnwinding":41.66666666666667,"PE_ShortBuildUp":58.333333333333336,"ltp":128.43,"time":"15:15:00.040","CE_ShortCovering":66.66666666666666,"PE_ShortCovering":0.0,"CE_LongUnwinding":0.0}],"count":1,"active":false},"PERSISTENT":{"timeAndPrice":[{"CE_ShortBuildup":0.0,"CE_LongBuildup":16.666666666666664,"removed":"13:53:00.043","PE_LongBuildUp":0.0,"PE_LongUnwinding":41.66666666666667,"PE_ShortBuildUp":58.333333333333336,"ltp":5756.1,"time":"13:50:00.360","CE_ShortCovering":58.333333333333336,"PE_ShortCovering":0.0,"CE_LongUnwinding":0.0},{"CE_ShortBuildup":0.0,"CE_LongBuildup":25.0,"PE_LongBuildUp":0.0,"PE_LongUnwinding":25.0,"PE_ShortBuildUp":75.0,"ltp":5790.0,"time":"15:26:30.117","CE_ShortCovering":58.333333333333336,"PE_ShortCovering":0.0,"CE_LongUnwinding":0.0}],"count":2,"active":true},"MARUTI":{"timeAndPrice":[{"CE_ShortBuildup":0.0,"CE_LongBuildup":8.333333333333332,"removed":"09:28:00.218","PE_LongBuildUp":0.0,"PE_LongUnwinding":25.0,"PE_ShortBuildUp":66.66666666666666,"ltp":12808.55,"time":"09:27:30.020","CE_ShortCovering":58.333333333333336,"PE_ShortCovering":0.0,"CE_LongUnwinding":8.333333333333332}],"count":1,"active":false},"BAJAJFINSV":{"timeAndPrice":[{"CE_ShortBuildup":0.0,"CE_LongBuildup":41.66666666666667,"removed":"10:52:30.009","PE_LongBuildUp":8.333333333333332,"PE_LongUnwinding":16.666666666666664,"PE_ShortBuildUp":66.66666666666666,"ltp":1904.55,"time":"10:29:30.011","CE_ShortCovering":58.333333333333336,"PE_ShortCovering":0.0,"CE_LongUnwinding":0.0},{"CE_ShortBuildup":0.0,"CE_LongBuildup":41.66666666666667,"removed":"14:32:00.125","PE_LongBuildUp":8.333333333333332,"PE_LongUnwinding":16.666666666666664,"PE_ShortBuildUp":66.66666666666666,"ltp":1906.9,"time":"10:55:30.009","CE_ShortCovering":58.333333333333336,"PE_ShortCovering":0.0,"CE_LongUnwinding":0.0}],"count":2,"active":false},"WIPRO":{"timeAndPrice":[{"CE_ShortBuildup":0.0,"CE_LongBuildup":25.0,"PE_LongBuildUp":0.0,"PE_LongUnwinding":16.666666666666664,"PE_ShortBuildUp":83.33333333333334,"ltp":310.7,"time":"13:52:30.019","CE_ShortCovering":58.333333333333336,"PE_ShortCovering":0.0,"CE_LongUnwinding":0.0}],"count":1,"active":true},"KOTAKBANK":{"timeAndPrice":[{"CE_ShortBuildup":0.0,"CE_LongBuildup":33.33333333333333,"removed":"14:21:00.395","PE_LongBuildUp":0.0,"PE_LongUnwinding":33.33333333333333,"PE_ShortBuildUp":58.333333333333336,"ltp":1958.35,"time":"14:01:30.014","CE_ShortCovering":58.333333333333336,"PE_ShortCovering":0.0,"CE_LongUnwinding":0.0},{"CE_ShortBuildup":0.0,"CE_LongBuildup":33.33333333333333,"PE_LongBuildUp":0.0,"PE_LongUnwinding":33.33333333333333,"PE_ShortBuildUp":66.66666666666666,"ltp":1963.95,"time":"15:26:30.015","CE_ShortCovering":58.333333333333336,"PE_ShortCovering":0.0,"CE_LongUnwinding":0.0}],"count":2,"active":true},"JINDALSTEL":{"timeAndPrice":[{"CE_ShortBuildup":0.0,"CE_LongBuildup":25.0,"removed":"14:11:00.186","PE_LongBuildUp":0.0,"PE_LongUnwinding":25.0,"PE_ShortBuildUp":66.66666666666666,"ltp":846.5,"time":"14:08:00.427","CE_ShortCovering":58.333333333333336,"PE_ShortCovering":0.0,"CE_LongUnwinding":0.0},{"CE_ShortBuildup":0.0,"CE_LongBuildup":25.0,"removed":"14:18:00.213","PE_LongBuildUp":0.0,"PE_LongUnwinding":25.0,"PE_ShortBuildUp":66.66666666666666,"ltp":847.65,"time":"14:16:30.037","CE_ShortCovering":58.333333333333336,"PE_ShortCovering":0.0,"CE_LongUnwinding":0.0},{"CE_ShortBuildup":0.0,"CE_LongBuildup":25.0,"removed":"14:48:00.037","PE_LongBuildUp":0.0,"PE_LongUnwinding":33.33333333333333,"PE_ShortBuildUp":58.333333333333336,"ltp":845.85,"time":"14:22:00.374","CE_ShortCovering":58.333333333333336,"PE_ShortCovering":0.0,"CE_LongUnwinding":0.0}],"count":3,"active":false},"INFY":{"timeAndPrice":[{"CE_ShortBuildup":0.0,"CE_LongBuildup":25.0,"removed":"10:09:30.016","PE_LongBuildUp":0.0,"PE_LongUnwinding":25.0,"PE_ShortBuildUp":58.333333333333336,"ltp":1859.1,"time":"09:46:30.018","CE_ShortCovering":58.333333333333336,"PE_ShortCovering":0.0,"CE_LongUnwinding":0.0},{"CE_ShortBuildup":0.0,"CE_LongBuildup":16.666666666666664,"removed":"10:25:30.015","PE_LongBuildUp":0.0,"PE_LongUnwinding":25.0,"PE_ShortBuildUp":58.333333333333336,"ltp":1857.0,"time":"10:10:00.224","CE_ShortCovering":58.333333333333336,"PE_ShortCovering":0.0,"CE_LongUnwinding":0.0},{"CE_ShortBuildup":0.0,"CE_LongBuildup":16.666666666666664,"removed":"10:28:00.016","PE_LongBuildUp":0.0,"PE_LongUnwinding":16.666666666666664,"PE_ShortBuildUp":58.333333333333336,"ltp":1852.3,"time":"10:26:30.015","CE_ShortCovering":58.333333333333336,"PE_ShortCovering":8.333333333333332,"CE_LongUnwinding":8.333333333333332}],"count":3,"active":false},"JUBLFOOD":{"timeAndPrice":[{"CE_ShortBuildup":0.0,"CE_LongBuildup":25.0,"PE_LongBuildUp":0.0,"PE_LongUnwinding":25.0,"PE_ShortBuildUp":75.0,"ltp":692.3,"time":"14:53:30.037","CE_ShortCovering":58.333333333333336,"PE_ShortCovering":0.0,"CE_LongUnwinding":8.333333333333332}],"count":1,"active":true},"HCLTECH":{"timeAndPrice":[{"CE_ShortBuildup":0.0,"CE_LongBuildup":25.0,"removed":"10:17:00.169","PE_LongBuildUp":0.0,"PE_LongUnwinding":33.33333333333333,"PE_ShortBuildUp":58.333333333333336,"ltp":1722.35,"time":"10:16:30.012","CE_ShortCovering":58.333333333333336,"PE_ShortCovering":0.0,"CE_LongUnwinding":0.0}],"count":1,"active":false},"NTPC":{"timeAndPrice":[{"CE_ShortBuildup":0.0,"CE_LongBuildup":25.0,"removed":"13:38:30.016","PE_LongBuildUp":0.0,"PE_LongUnwinding":16.666666666666664,"PE_ShortBuildUp":83.33333333333334,"ltp":305.85,"time":"13:30:30.014","CE_ShortCovering":58.333333333333336,"PE_ShortCovering":0.0,"CE_LongUnwinding":0.0},{"CE_ShortBuildup":0.0,"CE_LongBuildup":25.0,"removed":"13:48:30.015","PE_LongBuildUp":0.0,"PE_LongUnwinding":8.333333333333332,"PE_ShortBuildUp":91.66666666666666,"ltp":305.5,"time":"13:44:30.015","CE_ShortCovering":66.66666666666666,"PE_ShortCovering":0.0,"CE_LongUnwinding":0.0},{"CE_ShortBuildup":0.0,"CE_LongBuildup":25.0,"removed":"14:02:00.155","PE_LongBuildUp":0.0,"PE_LongUnwinding":8.333333333333332,"PE_ShortBuildUp":91.66666666666666,"ltp":306.05,"time":"13:50:00.022","CE_ShortCovering":66.66666666666666,"PE_ShortCovering":0.0,"CE_LongUnwinding":0.0},{"CE_ShortBuildup":0.0,"CE_LongBuildup":41.66666666666667,"removed":"15:21:00.036","PE_LongBuildUp":0.0,"PE_LongUnwinding":8.333333333333332,"PE_ShortBuildUp":91.66666666666666,"ltp":310.8,"time":"15:17:30.015","CE_ShortCovering":58.333333333333336,"PE_ShortCovering":0.0,"CE_LongUnwinding":0.0},{"CE_ShortBuildup":0.0,"CE_LongBuildup":41.66666666666667,"PE_LongBuildUp":0.0,"PE_LongUnwinding":8.333333333333332,"PE_ShortBuildUp":91.66666666666666,"ltp":312.2,"time":"15:25:30.015","CE_ShortCovering":58.333333333333336,"PE_ShortCovering":0.0,"CE_LongUnwinding":0.0}],"count":5,"active":true},"INDIGO":{"timeAndPrice":[{"CE_ShortBuildup":0.0,"CE_LongBuildup":33.33333333333333,"PE_LongBuildUp":0.0,"PE_LongUnwinding":25.0,"PE_ShortBuildUp":66.66666666666666,"ltp":4343.8,"time":"14:22:00.369","CE_ShortCovering":58.333333333333336,"PE_ShortCovering":0.0,"CE_LongUnwinding":0.0}],"count":1,"active":true}}